id;location_name;location_level;location_type;location_image;location_description;location_prompt;location_background;door(reverse);lang;price
1;Archiwum Pradawnej Wiedzy;1;library ;;Archiwum Pradawnej Wiedzy: Kamienne œciany pokryte œwiec¹cymi runami, lewituj¹ce zwoje unosz¹ce siê w powietrzu, kryszta³owe pó³ki wype³nione ksiêgami, które zmieniaj¹ treœæ zale¿nie od czytelnika. Magiczne sfery oœwietlaj¹ce pomieszczenie pulsuj¹ w rytm myœli obecnych osób.;;Rh'loq _lib.png;Rh'loq _door;Rh'loq ;Rh'loq
2;Ksiêgozbiór Zakazanych Wiedzy:;1;library ;;Ksiêgi przykute ³añcuchami do pó³ek, niektóre zamkniête magicznymi pieczêciami. Czaszki poprzednich bibliotekarzy s³u¿¹ce jako œwieczniki. Magiczne krêgi chroni¹ce przed uwolnieniem niebezpiecznych zaklêæ.;;Ancient_Runes_lib.png;Ancient_Runes_door;Ancient_Runes;Ancient_Runes
3;Archiwum Zapachów i DŸwiêków:;1;library ;;Zamiast ksi¹g - kryszta³y przechowuj¹ce zapachy i dŸwiêki. Pó³ki dostosowane do ró¿nych rozmiarów u¿ytkowników. Gniazda do wygodnego studiowania. Naturalne materia³y z oznaczeniami terytorialnymi.;;Kristalion_lib.png;Kristalion_door;Kristalion;Kristalion
4;Hala Kamiennych Kronik;1;library ;; Masywne kamienne tablice z wyrytymi runami zamiast ksi¹¿ek. Kowad³a s³u¿¹ce jako pulpity do czytania. M³oty i d³uta do tworzenia nowych zapisków. Kryszta³y œwietlne zasilane energi¹ z g³êbi ziemi.;;Durmali_lib.png;Durmali_door;Durmali;Durmali
5;Gaj Szepcz¹cych Liœci;1;library ;;Ksiêgi ukryte w kwiatach i grzybach. Œwietliki jako oœwietlenie. Krople rosy przechowuj¹ce wspomnienia. Motyle przenosz¹ce wiadomoœci miêdzy sekcjami. Meble z ¿ywych roœlin dostosowuj¹ce siê do u¿ytkownika.;;Fae'lin_lib.png;Fae'lin_door;Fae'lin;Fae'lin
6;Archiwum Szaleñstwa;1;library ;;Ksiêgi pisane niezrozumia³ym pismem, zmieniaj¹cym siê podczas czytania. Pulsuj¹ce organiczne pó³ki. Inkaust z dziwnych substancji. Pomieszczenie o niemo¿liwej geometrii, gdzie korytarze prowadz¹ w nieistniej¹ce miejsca.;;Kyo'ren_lib.png;Kyo'ren_door;Kyo'ren;Kyo'ren
7;Pawilon Spokojnej Kontemplacji;1;library ;; Zwoje kaligrafii zawieszone na œcianach. Niskie sto³y do czytania. Kadzid³a oczyszczaj¹ce umys³. Ogród zen widoczny przez papierowe œciany. Katalog m¹droœci uporz¹dkowany wed³ug zasad harmonii.;;Mijero_lib.png;Mijero_door;Mijero;Mijero
8;Kosmiczne Archiwum:;1;library ;;Ksiêgi unosz¹ce siê w zerowej grawitacji. Modele gwiazd i galaktyk jako system katalogowania. Portale pokazuj¹ce odleg³e miejsca we wszechœwiecie. Kryszta³y przechowuj¹ce wiedzê z innych œwiatów.;;Nekrothol_lib.png;Nekrothol_door;Nekrothol;Nekrothol
9;Sala Hieroglifów:;1;library ;; Œciany pokryte hieroglifami i piktogramami. Papirus i kamienne tablice zamiast ksi¹g. Pos¹gi pisarzy i mêdrców. Astronomiczne mapy na suficie. Magiczne lustra do odczytywania ukrytych tekstów.;;Heu'ia_lib.png;Heu'ia_door;Heu'ia;Heu'ia
